,index,Uniprot,PTM,Site,AA,Int_uniprot,Effect
0,0,P63104,3,58,S,P63104,Inhibit
1,1,P63104,3,58,S,P62258,Inhibit
2,2,Q13541,3,65,S,P06730,Inhibit
3,3,Q14457,3,119,T,P10415,Enhance
4,4,Q14457,3,119,T,Q07817,Enhance
5,5,P38936,3,145,T,P12004,Inhibit
6,6,P46527,3,88,Y,P11802,Enhance
7,7,P46527,3,89,Y,P11802,Enhance
8,8,P16220,3,133,S,Q92793,Enhance
9,9,P07333,3,561,Y,P07947,Enhance
10,10,P35222,3,654,Y,P12830,Inhibit
11,11,P63167,3,88,S,P63167,Inhibit
12,12,P21802,3,769,Y,P19174,Enhance
13,13,P68431,3,11,S,Q13185,Inhibit
14,14,P68431,3,11,S,P45973,Inhibit
15,15,P68431,3,11,S,P83916,Inhibit
16,16,Q02156,3,368,S,P31946,Enhance
17,17,P16234,3,572,Y,P12931,Enhance
18,18,P09619,3,579,Y,P12931,Enhance
19,19,P04049,3,259,S,P63104,Enhance
20,20,Q9H0H5,3,387,S,P61586,Enhance
21,21,Q16613,3,31,T,P27348,Enhance
22,22,Q16613,3,31,T,P31946,Enhance
23,23,Q16613,3,31,T,P63104,Enhance
24,24,Q16613,3,31,T,Q04917,Enhance
25,25,Q16613,3,31,T,P31947,Enhance
26,26,Q16613,3,31,T,P61981,Enhance
27,27,Q16613,3,31,T,P62258,Enhance
28,28,P25054,3,1507,S,P35222,Enhance
29,29,O15143,3,21,T,O15144,Enhance
30,30,O15392,3,117,T,Q9NQS7,Enhance
31,31,Q5RJI5,3,189,T,Q5RJI5,Enhance
32,32,P09803,3,848,S,Q02248,Enhance
33,33,P09803,3,842,S,Q02248,Enhance
34,34,P33151,3,731,Y,P35222,Inhibit
35,35,Q9WVG6,3,229,S,Q9WVG6,Inhibit
36,36,P07766,3,188,Y,P16333,Inhibit
37,37,P20963,3,142,Y,P29353,Enhance
38,38,P06493,3,161,T,P14635,Enhance
39,39,P06493,3,161,T,P20248,Enhance
40,40,P24941,3,160,T,Q16667,Inhibit
41,41,P24941,3,160,T,P78396,Enhance
42,42,P46527,3,74,Y,P11802,Enhance
43,43,P02511,3,59,S,P02511,Inhibit
44,44,P02511,3,45,S,P02511,Inhibit
45,45,P09581,3,559,Y,P05480,Enhance
46,46,Q02248,3,142,Y,P26231,Inhibit
47,47,Q02248,3,654,Y,P09803,Inhibit
48,48,Q9UER7,3,739,S,P63165,Enhance
49,49,P00533,3,1069,Y,P22681,Enhance
50,50,P04626,3,1139,Y,P62993,Enhance
51,51,P04626,3,1139,Y,Q14451,Enhance
52,52,Q9BX63,3,1133,T,Q92547,Enhance
53,53,P07332,3,713,Y,P07332,Enhance
54,54,P11362,3,766,Y,P19174,Enhance
55,55,P36888,3,589,Y,P12931,Enhance
56,56,P52566,3,24,Y,P63000,Inhibit
57,57,Q00560,3,757,Y,O35718,Enhance
58,58,Q9Z1X4,3,315,T,Q9CXY6,Inhibit
59,59,Q14653,3,385,S,Q14653,Enhance
60,60,Q14653,3,386,S,Q14653,Enhance
61,61,P81122,3,628,Y,P15208,Inhibit
62,62,P81122,3,624,Y,P15208,Inhibit
63,63,P05107,3,758,T,P21333,Inhibit
64,64,P05106,3,785,Y,P29353,Enhance
65,65,O54890,3,772,Y,P98083,Enhance
66,66,O54890,3,784,Y,P98083,Enhance
67,67,P10721,3,568,Y,P12931,Enhance
68,68,P06239,3,394,Y,P06239,Enhance
69,69,P06239,3,505,Y,P06239,Enhance
70,70,Q9UJU2,3,61,S,P35222,Enhance
71,71,Q5S007,3,1410,T,Q5S007,Enhance
72,72,Q00987,3,429,S,Q00987,Inhibit
73,73,P08581,3,1003,Y,P22681,Enhance
74,74,P31152,3,186,S,Q8IW41,Enhance
75,75,Q16539,3,123,T,P49137,Inhibit
76,76,Q16539,3,180,T,P06241,Enhance
77,77,P01108,3,373,S,P28574,Inhibit
78,78,P01108,3,400,T,P28574,Inhibit
79,79,P04629,3,496,Y,P29353,Enhance
80,80,P04637,3,20,S,Q00987,Inhibit
81,81,P04637,3,37,S,P27694,Enhance
82,82,P14923,3,644,Y,P12830,Inhibit
83,83,P14923,3,133,Y,P35221,Inhibit
84,84,P53350,3,210,T,P53350,Inhibit
85,85,P67775,3,307,Y,Q9UIC8,Enhance
86,86,P07737,3,60,Y,P68133,Enhance
87,87,P18031,3,152,Y,P06213,Enhance
88,88,P63000,3,64,Y,Q14155,Inhibit
89,89,P04049,3,340,Y,P04049,Inhibit
90,90,P35546,3,1063,Y,Q91ZM9,Enhance
91,91,P35546,3,1063,Y,Q99KE3,Enhance
92,92,P35546,3,1063,Y,P97465,Enhance
93,93,P35546,3,1063,Y,O70469,Enhance
94,94,Q15797,3,463,S,Q13485,Enhance
95,95,Q15797,3,462,S,Q13485,Enhance
96,96,Q15797,3,465,S,Q13485,Enhance
97,97,Q15796,3,465,S,Q13485,Enhance
98,98,Q15796,3,464,S,Q13485,Enhance
99,99,Q15796,3,467,S,Q13485,Enhance
100,100,P84022,3,179,T,Q96PU5,Enhance
101,101,O00161,3,23,S,Q12846,Enhance
102,102,Q92673,3,2206,S,Q9UJY5,Enhance
103,103,P12931,3,530,Y,P12931,Enhance
104,104,P05480,3,221,Y,Q60631,Enhance
105,105,P42224,3,701,Y,P52630,Enhance
106,106,Q60770,3,218,Y,P70452,Inhibit
107,107,P58753,3,86,Y,Q99836,Inhibit
108,108,P58753,3,86,Y,O00206,Inhibit
109,109,P19429,3,42,S,P63316,Inhibit
110,110,P19429,3,44,S,P63316,Inhibit
111,111,P25445,3,291,Y,Q13158,Enhance
112,112,P25445,3,232,Y,Q13158,Enhance
113,113,P15498,3,826,Y,P41240,Enhance
114,114,P09327,3,81,Y,P60709,Enhance
115,115,P46937,3,94,S,P28347,Inhibit
116,116,P46938,3,79,S,P30051,Enhance
117,117,P38936,3,148,T,P12004,Inhibit
118,118,P07333,3,571,Y,P12931,Enhance
119,119,P07333,3,571,Y,P06241,Enhance
120,120,P07333,3,571,Y,P62993,Enhance
121,121,P07333,3,571,Y,P07947,Enhance
122,122,P07333,3,866,Y,P12931,Enhance
123,123,P09619,3,808,Y,P12931,Enhance
124,124,P09619,3,914,Y,P12931,Enhance
125,125,P09619,3,800,Y,P12931,Enhance
126,126,O43586,3,370,Y,O43586,Enhance
127,127,O43586,3,134,Y,O43586,Enhance
128,128,O43586,3,144,Y,O43586,Enhance
129,129,O43586,3,284,Y,O43586,Enhance
130,130,O43586,3,364,Y,O43586,Enhance
131,131,Q06124,3,279,Y,P62993,Enhance
132,132,Q06124,3,62,Y,P62993,Enhance
133,133,Q16613,3,35,S,P63104,Enhance
134,134,Q16613,3,35,S,P31946,Enhance
135,135,Q16613,3,35,S,P27348,Enhance
136,136,Q16613,3,35,S,Q04917,Enhance
137,137,Q16613,3,35,S,P62258,Enhance
138,138,Q16613,3,41,T,P63104,Enhance
139,139,Q16613,3,41,T,P31946,Enhance
140,140,Q16613,3,41,T,P31947,Enhance
141,141,Q13188,3,235,T,P04049,Enhance
142,142,Q16623,3,132,S,P61764,Inhibit
143,143,Q9UNQ0,3,220,T,Q9UNQ0,Enhance
144,144,P31749,3,197,T,Q13153,Enhance
145,145,O14744,3,535,Y,O14744,Inhibit
146,146,O15084,3,821,S,P62136,Inhibit
147,147,O15084,3,303,S,P62136,Inhibit
148,148,P41181,3,124,S,P41181,Enhance
149,149,P41181,3,122,S,P41181,Enhance
150,150,Q92974,3,561,T,P61586,Enhance
151,151,Q92974,3,392,T,P61586,Enhance
152,152,P10415,3,105,S,Q07812,Enhance
153,153,P10415,3,132,T,Q07812,Enhance
154,154,P10415,3,178,T,Q07812,Enhance
155,155,O15392,3,127,T,Q9NQS7,Enhance
156,156,P15056,3,212,T,P04049,Inhibit
157,157,P15056,3,176,T,P04049,Inhibit
158,158,Q5RJI5,3,45,T,Q5RJI5,Enhance
159,159,P12830,3,829,S,P35222,Inhibit
160,160,P09803,3,795,S,Q02248,Enhance
161,161,P19022,3,852,Y,P35222,Inhibit
162,162,P33151,3,757,Y,P35222,Inhibit
163,163,Q8VDS3,3,128,T,Q9CQJ4,Enhance
164,164,P24385,3,37,T,P11802,Inhibit
165,165,P42771,3,56,S,P11802,Enhance
166,166,P07766,3,199,Y,P16333,Inhibit
167,167,P06493,3,183,T,P20248,Enhance
168,168,P24941,3,182,T,P78396,Enhance
169,169,P24941,3,41,T,P78396,Enhance
170,170,P24941,3,158,T,P78396,Enhance
171,171,P38936,3,31,S,P24385,Inhibit
172,172,P46527,3,42,T,P24385,Enhance
173,173,P13569,3,1326,S,P13569,Enhance
174,174,P13569,3,1347,S,P13569,Enhance
175,175,P46108,3,14,Y,P46108,Enhance
176,176,P46108,3,136,Y,P46108,Enhance
177,177,Q64010,3,14,Y,Q64010,Enhance
178,178,Q64010,3,136,Y,Q64010,Enhance
179,179,P02511,3,53,S,P02511,Inhibit
180,180,P02511,3,136,S,P02511,Inhibit
181,181,P02511,3,135,S,P02511,Inhibit
182,182,P02511,3,66,S,P02511,Inhibit
183,183,P02511,3,43,S,P02511,Inhibit
184,184,P35222,3,675,S,P12830,Enhance
185,185,P35222,3,306,Y,P12830,Inhibit
186,186,P35222,3,333,Y,P19022,Inhibit
187,187,P35222,3,333,Y,P12830,Inhibit
188,188,P35222,3,250,S,P12830,Enhance
189,189,P35222,3,184,S,P12830,Enhance
190,190,P35222,3,254,Y,P19022,Inhibit
191,191,P35222,3,254,Y,P12830,Inhibit
192,192,P35222,3,473,S,P12830,Enhance
193,193,P30999,3,588,Y,P09803,Enhance
194,194,P00533,3,978,Y,P00533,Enhance
195,195,P00533,3,610,Y,P00533,Enhance
196,196,P00533,3,275,Y,P00533,Enhance
197,197,P00533,3,39,T,P01133,Enhance
198,198,P00533,3,471,Y,P00533,Enhance
199,199,P00533,3,801,Y,P00533,Enhance
200,200,P00533,3,1016,Y,P00533,Enhance
201,201,P00533,3,34,T,P01133,Enhance
202,202,Q01279,3,946,Y,Q01279,Enhance
203,203,Q00944,3,528,Y,P00523,Enhance
204,204,Q9UKT5,3,111,S,Q9UKT5,Enhance
205,205,P07332,3,811,Y,P07332,Enhance
206,206,P07332,3,44,Y,P07332,Enhance
207,207,P21802,3,608,Y,P19174,Enhance
208,208,Q9Y613,3,656,S,Q9Y613,Inhibit
209,209,P36888,3,899,Y,P12931,Enhance
210,210,P36888,3,597,Y,P12931,Enhance
211,211,P14317,3,437,Y,P15498,Enhance
212,212,P14317,3,481,Y,P15498,Enhance
213,213,P08833,3,83,S,P05019,Enhance
214,214,Q9Z1X4,3,261,T,Q9CXY6,Inhibit
215,215,Q13418,3,246,S,P31749,Enhance
216,216,P05107,3,759,T,P21333,Inhibit
217,217,P05106,3,194,S,P13612,Inhibit
218,218,P05106,3,553,S,P13612,Inhibit
219,219,Q14807,3,299,T,P68366,Inhibit
220,220,P43405,3,131,Y,P19174,Enhance
221,221,P43405,3,47,Y,P19174,Enhance
222,222,P43405,3,431,Y,P06241,Enhance
223,223,P48025,3,202,Y,P14234,Enhance
224,224,P48025,3,501,Y,P14234,Enhance
225,225,P48025,3,425,Y,P14234,Enhance
226,226,P06239,3,181,Y,P06239,Enhance
227,227,P06239,3,489,Y,P06239,Enhance
228,228,P06239,3,457,Y,P06239,Enhance
229,229,P06239,3,72,Y,P06239,Enhance
230,230,P06239,3,264,Y,P06239,Enhance
231,231,P06239,3,209,Y,P06239,Enhance
232,232,Q9UJU2,3,56,S,P35222,Enhance
233,233,P25206,3,170,S,Q61881,Enhance
234,234,P25206,3,118,S,P97310,Enhance
235,235,P25206,3,118,S,P49718,Enhance
236,236,Q13257,3,170,S,Q12834,Inhibit
237,237,Q13257,3,148,S,Q12834,Inhibit
238,238,Q00987,3,17,S,Q00987,Inhibit
239,239,P08581,3,1234,Y,P08581,Enhance
240,240,P31152,3,54,S,Q8IW41,Enhance
241,241,Q16539,3,185,T,P49137,Inhibit
242,242,P14598,3,208,S,P13498,Enhance
243,243,P14598,3,191,S,P13498,Enhance
244,244,P14598,3,171,S,P13498,Enhance
245,245,Q9NXR1,3,32,T,Q9GZM8,Enhance
246,246,Q13232,3,87,S,P15531,Enhance
247,247,P46460,3,237,S,P46460,Enhance
248,248,P09619,3,808,Y,P19174,Enhance
249,249,P05622,3,807,Y,Q62077,Enhance
250,250,P00439,3,339,S,P00439,Inhibit
251,251,P00439,3,110,S,P00439,Inhibit
252,252,P19174,3,669,Y,P62993,Enhance
253,253,P13796,3,539,S,P68133,Enhance
254,254,P67775,3,265,Y,Q9UIC8,Enhance
255,255,Q06830,3,166,T,Q06830,Enhance
256,256,Q06830,3,54,T,Q06830,Enhance
257,257,P60484,3,167,T,P60484,Inhibit
258,258,Q06124,3,63,Y,P62993,Enhance
259,259,Q06124,3,179,Y,P62993,Enhance
260,260,P35235,3,63,Y,Q60631,Enhance
261,261,P35235,3,179,Y,Q60631,Enhance
262,262,P35235,3,279,Y,Q60631,Enhance
263,263,P35235,3,62,Y,Q60631,Enhance
264,264,P29350,3,276,Y,P62993,Enhance
265,265,P29350,3,111,Y,P62993,Enhance
266,266,P63000,3,32,Y,Q14155,Inhibit
267,267,P63000,3,40,Y,Q13153,Inhibit
268,268,P63000,3,23,Y,Q13153,Inhibit
269,269,Q06609,3,191,Y,Q06609,Inhibit
270,270,P04049,3,458,Y,P04049,Inhibit
271,271,P62826,3,94,S,P46060,Inhibit
272,272,P62826,3,94,S,P18754,Inhibit
273,273,P06400,3,841,T,Q14186,Inhibit
274,274,P06400,3,842,S,Q14186,Inhibit
275,275,P06400,3,829,S,Q01094,Inhibit
276,276,P06400,3,485,S,Q01094,Inhibit
277,277,P13405,3,822,S,Q61501,Inhibit
278,278,P13405,3,827,S,Q61501,Inhibit
279,279,P61586,3,73,S,Q16512,Enhance
280,280,Q7L0Q8,3,69,Y,Q13153,Inhibit
281,281,Q01196,3,114,S,Q13951,Enhance
282,282,Q15796,3,306,S,P84022,Enhance
283,283,Q15796,3,460,S,Q13485,Enhance
284,284,Q15796,3,460,S,P84022,Enhance
285,285,Q15796,3,353,S,P84022,Enhance
286,286,Q15796,3,458,S,P84022,Enhance
287,287,Q15796,3,465,S,P84022,Enhance
288,288,Q15796,3,464,S,P84022,Enhance
289,289,Q15796,3,397,S,Q13485,Enhance
290,290,Q15796,3,413,T,Q13485,Enhance
291,291,Q15796,3,317,S,P84022,Enhance
292,292,Q15796,3,260,S,Q13485,Enhance
293,293,P84022,3,371,T,Q13485,Enhance
294,294,P84022,3,330,T,Q13485,Enhance
295,295,P84022,3,261,T,Q13485,Enhance
296,296,O00161,3,20,S,Q12846,Enhance
297,297,O00161,3,72,T,Q12846,Enhance
298,298,O09044,3,34,S,Q9D3G5,Enhance
299,299,P60880,3,28,S,Q16623,Enhance
300,300,P60880,3,39,S,Q16623,Enhance
301,301,P60880,3,29,T,Q16623,Inhibit
302,302,P00523,3,511,Y,P41239,Inhibit
303,303,P00523,3,416,Y,P41239,Inhibit
304,304,P00523,3,149,Y,P41239,Enhance
305,305,P00523,3,213,Y,P41239,Inhibit
306,306,P00523,3,326,Y,P41239,Enhance
307,307,P00523,3,184,Y,P41239,Inhibit
308,308,P00523,3,357,Y,P41239,Inhibit
309,309,P12931,3,152,Y,P12931,Enhance
310,310,P12931,3,360,Y,P12931,Enhance
311,311,P12931,3,338,Y,P12931,Enhance
312,312,P12931,3,329,Y,P12931,Enhance
313,313,P12931,3,134,Y,P12931,Enhance
314,314,P05480,3,157,Y,Q60631,Enhance
315,315,P42224,3,106,Y,P52630,Enhance
316,316,P42224,3,651,Y,P52630,Enhance
317,317,P42224,3,634,Y,P52630,Enhance
318,318,P40763,3,79,Y,P42224,Enhance
319,319,Q9WTK7,3,213,S,Q5RJI5,Enhance
320,320,P16949,3,28,S,P68366,Inhibit
321,321,P16949,3,28,S,Q71U36,Inhibit
322,322,P61764,3,337,Y,Q16623,Enhance
323,323,O00206,3,751,Y,Q99836,Inhibit
324,324,P50552,3,338,S,P50552,Enhance
325,325,P15498,3,826,Y,P19174,Enhance
326,326,P15498,3,826,Y,P12931,Enhance
327,327,P15498,3,672,Y,P19174,Enhance
328,328,P15498,3,745,Y,P27986,Enhance
329,329,P15498,3,658,Y,P27986,Enhance
330,330,P15498,3,658,Y,O60880,Enhance
331,331,P27870,3,745,Y,P27870,Enhance
332,332,P27870,3,658,Y,P27870,Enhance
333,333,P09327,3,461,Y,P60709,Enhance
334,334,P09327,3,64,Y,P60709,Enhance
